start_time,end_time
1620003876.3009286,1620003882.9809458
1620003982.8456779,1620003989.6869075
1620004004.2743828,1620004004.3546731
1620004541.9052877,1620004541.985765
1620004645.7186296,1620004648.6163101
1620004648.6671581,1620004649.7938616
1620004924.1131608,1620004930.713115
1620005243.5606265,1620005250.4819293
1620005778.3842623,1620005785.225308
1620006317.7799976,1620006324.701465
1620006646.581833,1620006653.5035312
1620006764.4820387,1620006764.5624337
1620006867.5847406,1620006874.1039293
1620007089.1269994,1620007090.656092
1620007305.304079,1620007312.466826
1620007380.0634665,1620007381.7534347
1620007638.4789143,1620007645.48059
1620007664.926069,1620007665.0066016
1620007752.0814962,1620007759.0028427
1620007976.0941386,1620007982.774095
1620008089.8123088,1620008096.3314755
1620008421.1016052,1620008427.8621273
1620008536.2376602,1620008543.8028877
1620008759.6832697,1620008766.0414574
1620008981.0312827,1620008987.63092
1620009312.082761,1620009318.6021574
1620009536.3322487,1620009543.0931237
1620009871.1526632,1620009878.0743263
1620010093.4826305,1620010100.0825863
1620010551.0016546,1620010553.094084
1620010867.5845764,1620010869.8382246
1620011846.8052866,1620011853.7268214
1620012073.9015107,1620012080.3401413
1620012193.626339,1620012200.3064713
1620012310.9606674,1620012317.4799347
1620012645.554537,1620012652.4762723
1620013091.4068296,1620013093.4188986
1620013258.929045,1620013261.9870987
1620013262.037944,1620013264.6941025
1620013365.022231,1620013365.1026034
1620013505.9924273,1620013507.5215042
1620013622.0615501,1620013622.1418693
1620013756.0272593,1620013762.465958
1620013791.92389,1620013793.1307504
1620013964.8450541,1620013965.0062094
1620014745.18748,1620014752.0285895
1620014862.105253,1620014869.1073196
1620015321.793017,1620015323.8857741
1620015350.893934,1620015352.3424904
1620015584.6307878,1620015584.711199
1620015855.4769905,1620015862.3985136
1620016066.9713182,1620016067.0515292
1620016631.7454548,1620016638.425708
1620017024.6944506,1620017024.7743988
1620017326.6388874,1620017326.7192647
1620017384.8146055,1620017384.8949678
1620017411.0425022,1620017417.8837016
1620017745.2095833,1620017751.96979
1620017913.4199917,1620017913.5005174
1620017974.1338468,1620017980.9745972
1620018047.104307,1620018047.184619
1620018105.5506933,1620018105.631153
1620018202.3619094,1620018204.534829
1620018313.0075397,1620018313.0880823
1620018346.4824562,1620018346.5629568
1620018428.8092043,1620018435.408473
1620018879.9326088,1620018886.612507
1620018996.8382952,1620018998.1258316
1620019185.1824234,1620019185.2628143
1620019215.8132539,1620019217.0203462
1620019244.8377676,1620019244.9179745
1620020384.602385,1620020384.6827424
1620020565.6794987,1620020565.7598174
1620020988.478259,1620020995.5607872
1620021105.6564853,1620021112.5779736
1620021284.816896,1620021284.8972561
1620021334.307041,1620021341.3090158
1620021785.0050058,1620021792.0875
1620021945.0443726,1620021945.1248994
1620022229.8102043,1620022236.8122253
1620022565.075004,1620022572.0771196
1620022872.582375,1620022903.3274767
1620022997.0546536,1620022998.986083
1620023264.2131925,1620023271.1346505
1620023600.1770318,1620023606.9378088
1620023717.9180944,1620023724.5180619
1620023947.1546216,1620023954.1568608
